<?xml version="1.0" encoding="UTF-8" standalone="no"?>
<!DOCTYPE properties SYSTEM "http://java.sun.com/dtd/properties.dtd">
<properties>
<comment>Portable user preferences 3.0</comment>
<entry key="furnitureHeight#19">73.659996</entry>
<entry key="extensibleUnit">INCH</entry>
<entry key="furnitureHeight#18">296.23004</entry>
<entry key="furnitureName#19">Folding Table 6'</entry>
<entry key="furnitureHeight#17">78.74</entry>
<entry key="furnitureName#18">Component_32</entry>
<entry key="furnitureHeight#16">87.63</entry>
<entry key="autoCompletionStrings#4">30x17,Regard égout</entry>
<entry key="furnitureName#17">Cabinet 8 Drawers</entry>
<entry key="furnitureHeight#15">25.4</entry>
<entry key="autoCompletionStrings#3">Bookcase,Valve,Fauteuil bureau,Desk,Rack 18x48x72,Kitchen cabinet,TV LCD 47,White light source,Toilet unit,Component_32,Dryer1,Rideau 10,Door frame,Workbench,Rectangular table,Fridge &amp; Freezer,Slider window,sprchový+kout,Shower,Box,Cylinder,Door,Chest,Bed 140x190,Staircase</entry>
<entry key="furnitureName#16">coin base</entry>
<entry key="furnitureHeight#14">25.4</entry>
<entry key="autoCompletionStrings#2">Bathroom,Bedroom,Kitchen,Living room</entry>
<entry key="furnitureName#15">Hvac_Baseboard-Heater-8ft</entry>
<entry key="furnitureHeight#13">25.4</entry>
<entry key="autoCompletionStrings#1">Basement,Ground floor,1st floor,2nd floor,3rd floor</entry>
<entry key="furnitureName#14">Hvac_Baseboard-Heater-6ft</entry>
<entry key="furnitureHeight#12">25.4</entry>
<entry key="furnitureName#13">Hvac_Baseboard-Heater-4ft</entry>
<entry key="furnitureHeight#11">46.989998</entry>
<entry key="furnitureName#12">Hvac_Baseboard-Heater-2ft</entry>
<entry key="furnitureHeight#10">213.36</entry>
<entry key="furnitureName#11">Convectaire</entry>
<entry key="newWallBaseboardHeight">6.35</entry>
<entry key="furnitureName#10">Rideau 10</entry>
<entry key="furnitureDoorOrWindow#22">false</entry>
<entry key="furnitureDoorOrWindow#21">false</entry>
<entry key="furnitureDoorOrWindow#20">false</entry>
<entry key="furnitureDoorOrWindow#19">false</entry>
<entry key="furnitureDoorOrWindow#18">false</entry>
<entry key="furnitureDoorOrWindow#17">false</entry>
<entry key="furnitureDoorOrWindow#16">false</entry>
<entry key="furnitureDoorOrWindow#15">false</entry>
<entry key="furnitureDoorOrWindow#14">false</entry>
<entry key="furnitureDoorOrWindow#13">false</entry>
<entry key="furnitureDoorOrWindow#12">false</entry>
<entry key="furnitureDoorOrWindow#11">false</entry>
<entry key="furnitureDoorOrWindow#10">false</entry>
<entry key="autoCompletionProperty#4">LabelText</entry>
<entry key="autoCompletionProperty#3">HomePieceOfFurnitureName</entry>
<entry key="autoCompletionProperty#2">RoomName</entry>
<entry key="autoCompletionProperty#1">LevelName</entry>
<entry key="aerialViewCenteredOnSelectionEnabled">false</entry>
<entry key="furnitureIconYaw#22">0.3926991</entry>
<entry key="furnitureIconYaw#21">0.3926991</entry>
<entry key="furnitureIconYaw#20">0.3926991</entry>
<entry key="wallPattern">hatchUp</entry>
<entry key="furnitureIconYaw#19">0.3926991</entry>
<entry key="furnitureIconYaw#18">0.3926991</entry>
<entry key="furnitureIconYaw#17">0.3926991</entry>
<entry key="furnitureIconYaw#16">0.7126991</entry>
<entry key="furnitureIconYaw#15">0.3926991</entry>
<entry key="furnitureIconYaw#14">0.3926991</entry>
<entry key="furnitureIconYaw#13">0.3926991</entry>
<entry key="furnitureIconYaw#12">0.3926991</entry>
<entry key="furnitureIconYaw#11">0.3926991</entry>
<entry key="furnitureIconYaw#10">0.3926991</entry>
<entry key="language">en</entry>
<entry key="furnitureDepth#22">96.52</entry>
<entry key="furnitureDepth#21">128.27</entry>
<entry key="furnitureDepth#20">44.44275</entry>
<entry key="furnitureIcon#9">file:Furniture-3-2272520139203459121.pref</entry>
<entry key="furnitureIcon#8">file:Furniture-3-5752372460964434801.pref</entry>
<entry key="furnitureIcon#7">file:Furniture-3-4715282279520654515.pref</entry>
<entry key="furnitureIcon#6">file:Furniture-3-7289386824209100484.pref</entry>
<entry key="furnitureIcon#5">file:Furniture-3-5748034332369356897.pref</entry>
<entry key="furnitureIcon#4">file:Furniture-3-5213931082024835181.pref</entry>
<entry key="furnitureIcon#3">file:Furniture-3-5604878877724281302.pref</entry>
<entry key="furnitureIcon#2">file:Furniture-3-406071409147228860.pref</entry>
<entry key="furnitureDepth#19">76.2</entry>
<entry key="furnitureIcon#1">file:Furniture-3-2928787845613928492.pref</entry>
<entry key="furnitureDepth#18">52.999996</entry>
<entry key="furnitureDepth#17">62.0903</entry>
<entry key="furnitureCatalogViewedInTree">true</entry>
<entry key="furnitureDepth#16">91.44</entry>
<entry key="furnitureDepth#15">10.16</entry>
<entry key="furnitureDepth#14">10.16</entry>
<entry key="furnitureElevation#9">0.0</entry>
<entry key="furnitureDepth#13">10.16</entry>
<entry key="furnitureCategory#9">Bathroom</entry>
<entry key="furnitureElevation#8">0.0</entry>
<entry key="furnitureDepth#12">10.16</entry>
<entry key="furnitureCategory#8">Bathroom</entry>
<entry key="furnitureElevation#7">0.0</entry>
<entry key="furnitureDepth#11">6.467424</entry>
<entry key="furnitureCategory#7">Bathroom</entry>
<entry key="furnitureElevation#6">0.0</entry>
<entry key="furnitureDepth#10">15.61906</entry>
<entry key="furnitureCategory#6">Bathroom</entry>
<entry key="furnitureElevation#5">0.0</entry>
<entry key="furnitureCategory#5">Bathroom</entry>
<entry key="furnitureElevation#4">0.0</entry>
<entry key="furnitureCategory#4">Bathroom</entry>
<entry key="furnitureElevation#3">0.0</entry>
<entry key="furnitureCategory#3">Bathroom</entry>
<entry key="furnitureElevation#2">0.0</entry>
<entry key="furnitureCategory#2">Accesoires</entry>
<entry key="furnitureElevation#1">40.64</entry>
<entry key="furnitureCategory#1">Accesoires</entry>
<entry key="furnitureWidth#9">72.54319</entry>
<entry key="furnitureWidth#8">110.156265</entry>
<entry key="furnitureWidth#7">72.39</entry>
<entry key="furnitureWidth#6">52.74178</entry>
<entry key="furnitureWidth#5">11.262619</entry>
<entry key="furnitureWidth#4">100.0</entry>
<entry key="furnitureWidth#3">72.39</entry>
<entry key="furnitureWidth#2">121.95037</entry>
<entry key="furnitureWidth#1">85.483</entry>
<entry key="furnitureBackFaceShown#9">false</entry>
<entry key="furnitureBackFaceShown#8">false</entry>
<entry key="furnitureBackFaceShown#7">false</entry>
<entry key="furnitureBackFaceShown#6">false</entry>
<entry key="furnitureBackFaceShown#5">false</entry>
<entry key="furnitureBackFaceShown#4">false</entry>
<entry key="furnitureBackFaceShown#3">false</entry>
<entry key="furnitureBackFaceShown#2">false</entry>
<entry key="furnitureBackFaceShown#1">false</entry>
<entry key="rulersVisible">true</entry>
<entry key="newFloorThickness">12.0</entry>
<entry key="furnitureProportional#9">true</entry>
<entry key="furnitureProportional#8">true</entry>
<entry key="furnitureProportional#7">true</entry>
<entry key="furnitureProportional#6">true</entry>
<entry key="furnitureProportional#5">true</entry>
<entry key="furnitureProportional#4">true</entry>
<entry key="furnitureProportional#3">true</entry>
<entry key="furnitureProportional#2">true</entry>
<entry key="furnitureProportional#1">true</entry>
<entry key="newHomeWallHeight">243.84</entry>
<entry key="furnitureHeight#9">157.01147</entry>
<entry key="furnitureHeight#8">169.07648</entry>
<entry key="furnitureHeight#7">122.926414</entry>
<entry key="furnitureHeight#6">107.8874</entry>
<entry key="furnitureHeight#5">16.350874</entry>
<entry key="furnitureHeight#4">203.0</entry>
<entry key="furnitureHeight#3">122.926414</entry>
<entry key="furnitureHeight#2">67.37119</entry>
<entry key="furnitureHeight#1">103.04143</entry>
<entry key="magnetismEnabled">true</entry>
<entry key="furnitureModel#22">jar:file:Furniture-3-6849432517450577344.pref!/Sofa.dae.obj</entry>
<entry key="furnitureModel#21">jar:file:Furniture-3-4643377164264249739.pref!/Rack%2018x48x72.dae.obj</entry>
<entry key="furnitureModel#20">jar:file:Furniture-3-2928959802340129376.pref!/meubleHiFiBas.obj</entry>
<entry key="furnitureIcon#22">file:Furniture-3-4070794078940494469.pref</entry>
<entry key="furnitureIcon#21">file:Furniture-3-6564498059769017295.pref</entry>
<entry key="furnitureIcon#20">file:Furniture-3-8911782700853985435.pref</entry>
<entry key="furnitureModel#19">jar:file:Furniture-3-2099416468678991078.pref!/model.obj</entry>
<entry key="furnitureModel#18">jar:file:Furniture-3-7894473906841919990.pref!/Component_32.dae.obj</entry>
<entry key="furnitureModel#17">jar:file:Furniture-3-1022277831389060352.pref!/Cabinet%208%20Drawers.dae.obj</entry>
<entry key="furnitureModel#16">jar:file:Furniture-3-5397200434436925888.pref!/coin%20base.dae.obj</entry>
<entry key="furnitureModel#15">jar:file:Furniture-3-4552462985529795128.pref!/Hvac_Baseboard-Heater-8ft.dae.obj</entry>
<entry key="furnitureModel#14">jar:file:Furniture-3-8113874214040886051.pref!/Hvac_Baseboard-Heater-6ft.dae.obj</entry>
<entry key="furnitureModel#13">jar:file:Furniture-3-681502439487027261.pref!/Hvac_Baseboard-Heater-4ft.dae.obj</entry>
<entry key="furnitureModel#12">jar:file:Furniture-3-9174752075388257398.pref!/Hvac_Baseboard-Heater-2ft.dae.obj</entry>
<entry key="furnitureModel#11">jar:file:Furniture-3-3652110082726939354.pref!/Convectaire.dae.obj</entry>
<entry key="furnitureModel#10">jar:file:Furniture-3-2298965653513608747.pref!/Rideau%2010.dae.obj</entry>
<entry key="furnitureIcon#19">file:Furniture-3-1266993377440490423.pref</entry>
<entry key="furnitureIcon#18">file:Furniture-3-438198808950887965.pref</entry>
<entry key="furnitureIcon#17">file:Furniture-3-3407737593187157435.pref</entry>
<entry key="furnitureIcon#16">file:Furniture-3-2273970330800149081.pref</entry>
<entry key="furnitureIcon#15">file:Furniture-3-7911869658570860766.pref</entry>
<entry key="furnitureIcon#14">file:Furniture-3-5170536553408941830.pref</entry>
<entry key="furnitureIcon#13">file:Furniture-3-1530395794952368125.pref</entry>
<entry key="furnitureIcon#12">file:Furniture-3-7544124950563151246.pref</entry>
<entry key="furnitureIcon#11">file:Furniture-3-3196467423006464983.pref</entry>
<entry key="furnitureIcon#10">file:Furniture-3-836644136498460420.pref</entry>
<entry key="newWallBaseboardThickness">1.0</entry>
<entry key="ignoredActionTip#2">CREATE_DIMENSION_LINES</entry>
<entry key="ignoredActionTip#1">CREATE_WALLS</entry>
<entry key="furnitureIconYaw#9">0.3926991</entry>
<entry key="furnitureIconYaw#8">0.3926991</entry>
<entry key="furnitureIconYaw#7">0.3926991</entry>
<entry key="furnitureIconYaw#6">0.3926991</entry>
<entry key="furnitureIconYaw#5">0.3926991</entry>
<entry key="furnitureIconYaw#4">0.3926991</entry>
<entry key="furnitureIconYaw#3">0.3926991</entry>
<entry key="furnitureIconYaw#2">0.3926991</entry>
<entry key="furnitureIconYaw#1">0.3926991</entry>
<entry key="furnitureMovable#9">true</entry>
<entry key="furnitureMovable#8">true</entry>
<entry key="furnitureMovable#7">true</entry>
<entry key="furnitureMovable#6">true</entry>
<entry key="furnitureMovable#5">true</entry>
<entry key="furnitureMovable#4">true</entry>
<entry key="furnitureMovable#3">true</entry>
<entry key="furnitureMovable#2">true</entry>
<entry key="furnitureMovable#1">true</entry>
<entry key="furnitureWidth#22">223.51999</entry>
<entry key="furnitureWidth#21">46.537167</entry>
<entry key="furnitureWidth#20">103.80072</entry>
<entry key="furnitureDepth#9">66.04</entry>
<entry key="furnitureDepth#8">79.36023</entry>
<entry key="furnitureDepth#7">72.7393</entry>
<entry key="furnitureDepth#6">66.86936</entry>
<entry key="furnitureDepth#5">16.219011</entry>
<entry key="furnitureDepth#4">100.00001</entry>
<entry key="furnitureDepth#3">72.39</entry>
<entry key="furnitureDepth#2">4.264</entry>
<entry key="furnitureDepth#1">16.969786</entry>
<entry key="furnitureWidth#19">182.88</entry>
<entry key="furnitureWidth#18">52.999996</entry>
<entry key="furnitureWidth#17">60.960003</entry>
<entry key="furnitureWidth#16">99.06</entry>
<entry key="furnitureWidth#15">243.84</entry>
<entry key="furnitureWidth#14">182.88</entry>
<entry key="furnitureWidth#13">121.92</entry>
<entry key="furnitureWidth#12">60.96</entry>
<entry key="furnitureWidth#11">41.91</entry>
<entry key="furnitureName#9">WaterHeater modif</entry>
<entry key="furnitureWidth#10">305.18726</entry>
<entry key="furnitureName#8">WaterHeater</entry>
<entry key="furnitureName#7">Washer</entry>
<entry key="furnitureName#6">Vanité 25</entry>
<entry key="furnitureDoorOrWindow#9">false</entry>
<entry key="gridVisible">true</entry>
<entry key="furnitureName#5">Valve</entry>
<entry key="furnitureDoorOrWindow#8">false</entry>
<entry key="furnitureName#4">sprchový+kout</entry>
<entry key="checkUpdatesEnabled">true</entry>
<entry key="furnitureDoorOrWindow#7">false</entry>
<entry key="furnitureName#3">Dryer1</entry>
<entry key="furnitureDoorOrWindow#6">false</entry>
<entry key="furnitureName#2">TV LCD 47</entry>
<entry key="furnitureDoorOrWindow#5">false</entry>
<entry key="furnitureName#1">Hook and towel</entry>
<entry key="furnitureDoorOrWindow#4">false</entry>
<entry key="furnitureDoorOrWindow#3">false</entry>
<entry key="furnitureDoorOrWindow#2">false</entry>
<entry key="furnitureDoorOrWindow#1">false</entry>
<entry key="roomFloorColoredOrTextured">true</entry>
<entry key="furnitureModelRotation#9">1 0 0 0 1 0 0 0 1</entry>
<entry key="furnitureModelRotation#8">1 0 0 0 1 0 0 0 1</entry>
<entry key="furnitureModelRotation#7">1 0 0 0 1 0 0 0 1</entry>
<entry key="furnitureModelRotation#6">1 0 0 0 1 0 0 0 1</entry>
<entry key="furnitureModelRotation#5">1 0 0 0 1 0 0 0 1</entry>
<entry key="furnitureModelRotation#4">1 0 0 0 1 0 0 0 1</entry>
<entry key="furnitureModelRotation#3">1 0 0 0 1 0 0 0 1</entry>
<entry key="furnitureModelRotation#2">1 0 0 0 1 0 0 0 1</entry>
<entry key="navigationPanelVisible">true</entry>
<entry key="furnitureModelRotation#1">1 0 0 0 1 0 0 0 1</entry>
<entry key="newWallThickness">10.16</entry>
<entry key="furnitureModelRotation#22">1 0 0 0 1 0 0 0 1</entry>
<entry key="furnitureModelRotation#21">1 0 0 0 1 0 0 0 1</entry>
<entry key="furnitureModelRotation#20">1 0 0 0 1 0 0 0 1</entry>
<entry key="newWallPattern">hatchUp</entry>
<entry key="furnitureModelRotation#19">1 0 0 0 1 0 0 0 1</entry>
<entry key="furnitureElevation#22">0.0</entry>
<entry key="furnitureModelRotation#18">1 0 0 0 1 0 0 0 1</entry>
<entry key="furnitureElevation#21">0.0</entry>
<entry key="furnitureModelRotation#17">1 0 0 0 1 0 0 0 1</entry>
<entry key="furnitureElevation#20">0.0</entry>
<entry key="furnitureModelRotation#16">1 0 0 0 -1 0 0 0 -1</entry>
<entry key="furnitureModelRotation#15">1 0 0 0 1 0 0 0 1</entry>
<entry key="furnitureModelRotation#14">1 0 0 0 1 0 0 0 1</entry>
<entry key="furnitureModelRotation#13">1 0 0 0 1 0 0 0 1</entry>
<entry key="furnitureModelRotation#12">1 0 0 0 1 0 0 0 1</entry>
<entry key="furnitureModelRotation#11">1 0 0 0 1 0 0 0 1</entry>
<entry key="furnitureProportional#22">false</entry>
<entry key="furnitureModelRotation#10">1 0 0 0 1 0 0 0 1</entry>
<entry key="furnitureProportional#21">true</entry>
<entry key="furnitureProportional#20">true</entry>
<entry key="recentColors">#BEDAFF,#FFE19A,#F5F9FF</entry>
<entry key="furnitureElevation#19">0.0</entry>
<entry key="furnitureElevation#18">0.0</entry>
<entry key="furnitureElevation#17">0.0</entry>
<entry key="furnitureElevation#16">0.0</entry>
<entry key="furnitureElevation#15">0.0</entry>
<entry key="furnitureElevation#14">0.0</entry>
<entry key="furnitureElevation#13">0.0</entry>
<entry key="furnitureElevation#12">0.0</entry>
<entry key="furnitureElevation#11">30.48</entry>
<entry key="furnitureProportional#19">true</entry>
<entry key="furnitureElevation#10">0.0</entry>
<entry key="furnitureProportional#18">true</entry>
<entry key="furnitureProportional#17">true</entry>
<entry key="furnitureProportional#16">true</entry>
<entry key="furnitureProportional#15">true</entry>
<entry key="furnitureProportional#14">true</entry>
<entry key="furnitureProportional#13">true</entry>
<entry key="furnitureProportional#12">true</entry>
<entry key="furnitureProportional#11">true</entry>
<entry key="furnitureProportional#10">true</entry>
<entry key="furnitureCategory#22">Meuble</entry>
<entry key="furnitureCategory#21">Meuble</entry>
<entry key="furnitureCategory#20">Meuble</entry>
<entry key="furnitureModel#9">jar:file:Furniture-3-5021361778805210472.pref!/WaterHeater%20modif.dae.obj</entry>
<entry key="furnitureModel#8">jar:file:Furniture-3-8735695752272388350.pref!/WaterHeater.dae.obj</entry>
<entry key="furnitureModel#7">jar:file:Furniture-3-7087027960633575688.pref!/Washer.dae.obj</entry>
<entry key="furnitureModel#6">jar:file:Furniture-3-2694288404932998848.pref!/model.obj</entry>
<entry key="furnitureModel#5">jar:file:Furniture-3-5171703411601668408.pref!/Valve.dae.obj</entry>
<entry key="furnitureMovable#22">true</entry>
<entry key="furnitureModel#4">jar:file:Furniture-3-3314023590694822919.pref!/model.obj</entry>
<entry key="furnitureMovable#21">true</entry>
<entry key="furnitureModel#3">jar:file:Furniture-3-2776106913756993216.pref!/Dryer1.dae.obj</entry>
<entry key="furnitureMovable#20">true</entry>
<entry key="furnitureModel#2">jar:file:Furniture-3-4139864289294650912.pref!/TV%20LCD%2047.dae.obj</entry>
<entry key="furnitureModel#1">jar:file:Furniture-3-9184850848169106550.pref!/Hook%20and%20towel.dae.obj</entry>
<entry key="furnitureBackFaceShown#22">false</entry>
<entry key="furnitureViewedFromTop">true</entry>
<entry key="furnitureCategory#19">Meuble</entry>
<entry key="furnitureBackFaceShown#21">false</entry>
<entry key="furnitureCategory#18">Meuble</entry>
<entry key="furnitureBackFaceShown#20">false</entry>
<entry key="furnitureCategory#17">Meuble</entry>
<entry key="furnitureCategory#16">Kitchen</entry>
<entry key="furnitureCategory#15">Electricite</entry>
<entry key="furnitureCategory#14">Electricite</entry>
<entry key="furnitureCategory#13">Electricite</entry>
<entry key="furnitureCategory#12">Electricite</entry>
<entry key="furnitureMovable#19">true</entry>
<entry key="furnitureCategory#11">Electricite</entry>
<entry key="furnitureMovable#18">true</entry>
<entry key="furnitureCategory#10">Decoration</entry>
<entry key="furnitureMovable#17">true</entry>
<entry key="furnitureMovable#16">true</entry>
<entry key="furnitureMovable#15">true</entry>
<entry key="furnitureMovable#14">true</entry>
<entry key="furnitureMovable#13">true</entry>
<entry key="furnitureMovable#12">true</entry>
<entry key="furnitureMovable#11">true</entry>
<entry key="furnitureMovable#10">true</entry>
<entry key="furnitureBackFaceShown#19">false</entry>
<entry key="furnitureBackFaceShown#18">false</entry>
<entry key="furnitureBackFaceShown#17">false</entry>
<entry key="furnitureBackFaceShown#16">true</entry>
<entry key="furnitureBackFaceShown#15">false</entry>
<entry key="furnitureBackFaceShown#14">false</entry>
<entry key="furnitureBackFaceShown#13">false</entry>
<entry key="furnitureBackFaceShown#12">false</entry>
<entry key="furnitureBackFaceShown#11">false</entry>
<entry key="furnitureBackFaceShown#10">false</entry>
<entry key="autoSaveDelayForRecovery">600000</entry>
<entry key="recentHomes#1">D:\Users\Martin\Documents\Sweet Home 3D\Sous sol.sh3d</entry>
<entry key="furnitureHeight#22">66.04308</entry>
<entry key="furnitureHeight#21">195.58</entry>
<entry key="furnitureName#22">Sofa</entry>
<entry key="furnitureHeight#20">33.29396</entry>
<entry key="furnitureName#21">Rack 18x48x72</entry>
<entry key="furnitureName#20">meubleHiFiBas</entry>
</properties>
